<suppressions xmlns="https://jeremylong.github.io/DependencyCheck/dependency-suppression.1.3.xsd">
    <!-- Start: Suppressing the checkstyle vulnerabilities until the version upgrade breaking changes are taken care of.-->
    <suppress>
        <notes><![CDATA[file name: checkstyle-7.8.1.jar]]></notes>
        <sha1>7b4a274696a92f3feae14d734b7b8155560a888c</sha1>
        <cve>CVE-2019-10782</cve>
    </suppress>
    <suppress>
        <notes><![CDATA[file name: checkstyle-7.8.1.jar]]></notes>
        <sha1>7b4a274696a92f3feae14d734b7b8155560a888c</sha1>
        <cve>CVE-2019-9658</cve>
    </suppress>
    <!-- End-->
</suppressions>